<KicadtoNgspice><source /><model /><devicemodel /><subcircuit><x1><field>D:\Fosse1\FOSSEE\eSim\library\SubcircuitLibrary\MUX_2_1_sub</field></x1><x2><field>D:\Fosse1\FOSSEE\eSim\library\SubcircuitLibrary\MUX_2_1_sub</field></x2><x3><field>D:\Fosse1\FOSSEE\eSim\library\SubcircuitLibrary\MUX_2_1_sub</field></x3><x5><field>D:\Fosse1\FOSSEE\eSim\library\SubcircuitLibrary\MUX_2_1_sub</field></x5><x6><field>D:\Fosse1\FOSSEE\eSim\library\SubcircuitLibrary\MUX_2_1_sub</field></x6><x7><field>D:\Fosse1\FOSSEE\eSim\library\SubcircuitLibrary\MUX_2_1_sub</field></x7><x4><field>D:\Fosse1\FOSSEE\eSim\library\SubcircuitLibrary\MUX_2_1_sub</field></x4></subcircuit><microcontroller /><analysis><ac><field1 name="Lin">true</field1><field2 name="Dec">false</field2><field3 name="Oct">false</field3><field4 name="Start Frequency" /><field5 name="Stop Frequency" /><field6 name="No. of points" /><field7 name="Start Fre Combo">Hz</field7><field8 name="Stop Fre Combo">Hz</field8></ac><dc><field1 name="Source 1" /><field2 name="Start" /><field3 name="Increment" /><field4 name="Stop" /><field5 name="Operating Point">0</field5><field6 name="Start Combo">Volts or Amperes</field6><field7 name="Increment Combo">Volts or Amperes</field7><field8 name="Stop Combo">Volts or Amperes</field8><field9 name="Source 2" /><field10 name="Start" /><field11 name="Increment" /><field12 name="Stop" /><field13 name="Start Combo">Volts or Amperes</field13><field14 name="Increment Combo">Volts or Amperes</field14><field15 name="Stop Combo">Volts or Amperes</field15></dc><tran><field1 name="Start Time">0</field1><field2 name="Step Time">10</field2><field3 name="Stop Time">125</field3><field4 name="Start Combo">sec</field4><field5 name="Step Combo">us</field5><field6 name="Stop Combo">ms</field6></tran></analysis></KicadtoNgspice>