<KicadtoNgspice><source><v3 name="Source type">dc<field1 name="Value">0</field1></v3><v5 name="Source type">dc<field1 name="Value">5</field1></v5><v6 name="Source type">pulse<field1 name="Initial Value">5</field1><field2 name="Pulse Value">0</field2><field3 name="Delay Time">1n</field3><field4 name="Rise Time">1n</field4><field5 name="Fall Time">1n</field5><field5 name="Pulse width">20m</field5><field5 name="Period">40m</field5></v6><v4 name="Source type">pulse<field1 name="Initial Value">5</field1><field2 name="Pulse Value">0</field2><field3 name="Delay Time">1n</field3><field4 name="Rise Time">1n</field4><field5 name="Fall Time">1n</field5><field5 name="Pulse width">10m</field5><field5 name="Period">20m</field5></v4><v2 name="Source type">pulse<field1 name="Initial Value">5</field1><field2 name="Pulse Value">0</field2><field3 name="Delay Time">1n</field3><field4 name="Rise Time">1n</field4><field5 name="Fall Time">1n</field5><field5 name="Pulse width">5m</field5><field5 name="Period">10m</field5></v2><v1 name="Source type">dc<field1 name="Value">5</field1></v1></source><model /><devicemodel /><subcircuit><x2><field>D:\Fosse1\FOSSEE\eSim\library\SubcircuitLibrary\Subtractor_sub</field></x2><x4><field>D:\Fosse1\FOSSEE\eSim\library\SubcircuitLibrary\Subtractor_sub</field></x4><x1><field>D:\Fosse1\FOSSEE\eSim\library\SubcircuitLibrary\Adder_sub</field></x1><x8><field>D:\Fosse1\FOSSEE\eSim\library\SubcircuitLibrary\4_1_MUX_sub</field></x8><x9><field>D:\Fosse1\FOSSEE\eSim\library\SubcircuitLibrary\MUX_2_1_sub</field></x9><x7><field>D:\Fosse1\FOSSEE\eSim\library\SubcircuitLibrary\8_1_MUX_sub</field></x7><x3><field>D:\Fosse1\FOSSEE\eSim\library\SubcircuitLibrary\Adder_sub</field></x3><x6><field>D:\Fosse1\FOSSEE\eSim\library\SubcircuitLibrary\ORgate_sub</field></x6><x5><field>D:\Fosse1\FOSSEE\eSim\library\SubcircuitLibrary\XNORgate_sub</field></x5></subcircuit><microcontroller /><analysis><ac><field1 name="Lin">true</field1><field2 name="Dec">false</field2><field3 name="Oct">false</field3><field4 name="Start Frequency" /><field5 name="Stop Frequency" /><field6 name="No. of points" /><field7 name="Start Fre Combo">Hz</field7><field8 name="Stop Fre Combo">Hz</field8></ac><dc><field1 name="Source 1" /><field2 name="Start" /><field3 name="Increment" /><field4 name="Stop" /><field5 name="Operating Point">0</field5><field6 name="Start Combo">Volts or Amperes</field6><field7 name="Increment Combo">Volts or Amperes</field7><field8 name="Stop Combo">Volts or Amperes</field8><field9 name="Source 2" /><field10 name="Start" /><field11 name="Increment" /><field12 name="Stop" /><field13 name="Start Combo">Volts or Amperes</field13><field14 name="Increment Combo">Volts or Amperes</field14><field15 name="Stop Combo">Volts or Amperes</field15></dc><tran><field1 name="Start Time">0</field1><field2 name="Step Time">20</field2><field3 name="Stop Time">85</field3><field4 name="Start Combo">sec</field4><field5 name="Step Combo">us</field5><field6 name="Stop Combo">ms</field6></tran></analysis></KicadtoNgspice>